Source , Target 
1, 271
1, 276
1, 279
1, 300
1, 312
1, 327
1, 351
1, 352
1, 402
1, 410
1, 442
1, 451
2, 271
2, 276
2, 279
2, 300
2, 312
2, 327
2, 351
2, 352
2, 402
2, 410
2, 442
2, 451
3, 271
3, 276
3, 279
3, 300
3, 312
3, 327
3, 351
3, 352
3, 402
3, 410
3, 442
3, 451
4, 271
4, 276
4, 279
4, 300
4, 312
4, 327
4, 351
4, 352
4, 402
4, 410
4, 442
4, 451
5, 271
5, 276
5, 279
5, 300
5, 312
5, 327
5, 351
5, 352
5, 402
5, 410
5, 442
5, 451
6, 271
6, 276
6, 279
6, 300
6, 312
6, 327
6, 351
6, 352
6, 402
6, 410
6, 442
6, 451
7, 271
7, 276
7, 279
7, 300
7, 312
7, 327
7, 351
7, 352
7, 402
7, 410
7, 442
7, 451
8, 271
8, 276
8, 279
8, 300
8, 312
8, 327
8, 351
8, 352
8, 402
8, 410
8, 442
8, 451
9, 271
9, 276
9, 279
9, 300
9, 312
9, 327
9, 351
9, 352
9, 402
9, 410
9, 442
9, 451
10, 271
10, 276
10, 279
10, 300
10, 312
10, 327
10, 351
10, 352
10, 402
10, 410
10, 442
10, 451
11, 271
11, 276
11, 279
11, 300
11, 312
11, 327
11, 351
11, 352
11, 402
11, 410
11, 442
11, 451
12, 271
12, 276
12, 279
12, 300
12, 312
12, 327
12, 351
12, 352
12, 402
12, 410
12, 442
12, 451
13, 271
13, 276
13, 279
13, 300
13, 312
13, 327
13, 351
13, 352
13, 402
13, 410
13, 442
13, 451
14, 271
14, 276
14, 279
14, 300
14, 312
14, 327
14, 351
14, 352
14, 402
14, 410
14, 442
14, 451
15, 271
15, 276
15, 279
15, 300
15, 312
15, 327
15, 351
15, 352
15, 402
15, 410
15, 442
15, 451
16, 271
16, 276
16, 279
16, 300
16, 312
16, 327
16, 351
16, 352
16, 402
16, 410
16, 442
16, 451
17, 271
17, 276
17, 279
17, 300
17, 312
17, 327
17, 351
17, 352
17, 402
17, 410
17, 442
17, 451
18, 271
18, 276
18, 279
18, 300
18, 312
18, 327
18, 351
18, 352
18, 402
18, 410
18, 442
18, 451
19, 271
19, 276
19, 279
19, 300
19, 312
19, 327
19, 351
19, 352
19, 402
19, 410
19, 442
19, 451
20, 271
20, 276
20, 279
20, 300
20, 312
20, 327
20, 351
20, 352
20, 402
20, 410
20, 442
20, 451
21, 271
21, 276
21, 279
21, 300
21, 312
21, 327
21, 351
21, 352
21, 402
21, 410
21, 442
21, 451
22, 271
22, 276
22, 279
22, 300
22, 312
22, 327
22, 351
22, 352
22, 402
22, 410
22, 442
22, 451
23, 271
23, 276
23, 279
23, 300
23, 312
23, 327
23, 351
23, 352
23, 402
23, 410
23, 442
23, 451
24, 271
24, 276
24, 279
24, 300
24, 312
24, 327
24, 351
24, 352
24, 402
24, 410
24, 442
24, 451
25, 271
25, 276
25, 279
25, 300
25, 312
25, 327
25, 351
25, 352
25, 402
25, 410
25, 442
25, 451
26, 271
26, 276
26, 279
26, 300
26, 312
26, 327
26, 351
26, 352
26, 402
26, 410
26, 442
26, 451
27, 271
27, 276
27, 279
27, 300
27, 312
27, 327
27, 351
27, 352
27, 402
27, 410
27, 442
27, 451
28, 271
28, 276
28, 279
28, 300
28, 312
28, 327
28, 351
28, 352
28, 402
28, 410
28, 442
28, 451
29, 276
29, 279
29, 300
29, 312
29, 327
29, 351
29, 352
29, 402
29, 410
29, 442
29, 451
30, 271
30, 276
30, 279
30, 300
30, 312
30, 327
30, 351
30, 352
30, 402
30, 410
30, 442
30, 451
31, 271
31, 276
31, 279
31, 300
31, 312
31, 327
31, 351
31, 352
31, 402
31, 410
31, 442
31, 451
32, 271
32, 276
32, 279
32, 300
32, 312
32, 327
32, 351
32, 352
32, 402
32, 410
32, 442
32, 451
33, 271
33, 276
33, 279
33, 300
33, 312
33, 327
33, 351
33, 352
33, 402
33, 410
33, 442
33, 451
34, 271
34, 276
34, 279
34, 300
34, 312
34, 327
34, 351
34, 352
34, 402
34, 410
34, 442
34, 451
35, 271
35, 276
35, 279
35, 300
35, 312
35, 327
35, 351
35, 352
35, 402
35, 410
35, 442
35, 451
36, 271
36, 276
36, 279
36, 300
36, 312
36, 327
36, 351
36, 352
36, 402
36, 410
36, 442
36, 451
37, 271
37, 276
37, 279
37, 300
37, 312
37, 327
37, 351
37, 352
37, 402
37, 410
37, 442
37, 451
38, 271
38, 276
38, 279
38, 300
38, 312
38, 327
38, 351
38, 352
38, 402
38, 410
38, 442
38, 451
39, 271
39, 276
39, 279
39, 300
39, 312
39, 327
39, 351
39, 352
39, 402
39, 410
39, 442
39, 451
40, 271
40, 276
40, 279
40, 300
40, 312
40, 327
40, 351
40, 352
40, 402
40, 410
40, 442
40, 451
41, 271
41, 276
41, 279
41, 300
41, 312
41, 327
41, 351
41, 352
41, 402
41, 410
41, 442
41, 451
42, 271
42, 276
42, 279
42, 300
42, 312
42, 327
42, 351
42, 352
42, 402
42, 410
42, 442
42, 451
43, 61
43, 62
43, 68
43, 72
43, 73
43, 75
43, 77
43, 79
43, 80
43, 83
43, 84
43, 85
43, 88
43, 91
43, 92
43, 93
43, 95
43, 96
43, 99
43, 100
43, 106
43, 107
43, 110
43, 112
43, 115
43, 116
43, 117
43, 118
43, 119
43, 121
43, 122
43, 125
43, 128
43, 129
43, 130
43, 131
43, 135
43, 136
43, 138
43, 146
43, 148
43, 151
43, 154
43, 158
43, 161
43, 162
43, 167
43, 174
43, 176
43, 177
43, 178
43, 181
43, 182
43, 184
43, 186
43, 188
43, 189
43, 191
43, 192
43, 194
43, 195
43, 197
43, 199
43, 201
43, 203
43, 205
43, 206
43, 207
43, 208
43, 209
43, 213
43, 216
43, 217
43, 218
43, 219
43, 221
43, 223
43, 224
43, 225
43, 226
43, 227
43, 228
43, 229
43, 231
43, 233
43, 234
43, 235
43, 238
43, 240
43, 241
43, 243
43, 245
43, 247
43, 248
43, 250
43, 251
43, 253
43, 254
43, 255
43, 257
43, 258
44, 61
44, 62
44, 68
44, 72
44, 73
44, 75
44, 77
44, 79
44, 80
44, 83
44, 84
44, 85
44, 88
44, 91
44, 92
44, 93
44, 95
44, 96
44, 100
44, 106
44, 107
44, 110
44, 112
44, 115
44, 116
44, 117
44, 118
44, 119
44, 121
44, 122
44, 125
44, 128
44, 129
44, 130
44, 131
44, 135
44, 136
44, 138
44, 146
44, 148
44, 151
44, 154
44, 158
44, 161
44, 162
44, 167
44, 174
44, 176
44, 177
44, 178
44, 182
44, 184
44, 186
44, 188
44, 189
44, 191
44, 192
44, 194
44, 195
44, 197
44, 199
44, 201
44, 203
44, 205
44, 206
44, 207
44, 208
44, 209
44, 213
44, 216
44, 217
44, 218
44, 219
44, 221
44, 223
44, 224
44, 225
44, 226
44, 227
44, 228
44, 229
44, 231
44, 233
44, 234
44, 235
44, 238
44, 240
44, 241
44, 243
44, 245
44, 247
44, 248
44, 250
44, 251
44, 253
44, 254
44, 255
44, 257
44, 258
45, 61
45, 62
45, 68
45, 72
45, 73
45, 75
45, 77
45, 79
45, 80
45, 83
45, 84
45, 85
45, 88
45, 91
45, 92
45, 93
45, 95
45, 96
45, 99
45, 100
45, 106
45, 107
45, 110
45, 112
45, 115
45, 116
45, 117
45, 118
45, 119
45, 121
45, 122
45, 125
45, 128
45, 129
45, 130
45, 131
45, 135
45, 136
45, 138
45, 146
45, 148
45, 151
45, 154
45, 158
45, 161
45, 162
45, 167
45, 174
45, 176
45, 177
45, 178
45, 182
45, 184
45, 186
45, 188
45, 189
45, 191
45, 192
45, 194
45, 195
45, 197
45, 199
45, 201
45, 203
45, 205
45, 206
45, 207
45, 208
45, 209
45, 213
45, 216
45, 217
45, 218
45, 219
45, 221
45, 223
45, 224
45, 225
45, 226
45, 227
45, 228
45, 229
45, 231
45, 233
45, 234
45, 235
45, 238
45, 240
45, 241
45, 243
45, 245
45, 247
45, 248
45, 250
45, 251
45, 253
45, 254
45, 255
45, 257
45, 258
46, 61
46, 62
46, 68
46, 72
46, 73
46, 75
46, 77
46, 79
46, 80
46, 83
46, 84
46, 85
46, 88
46, 91
46, 92
46, 93
46, 95
46, 96
46, 100
46, 106
46, 107
46, 110
46, 112
46, 115
46, 116
46, 117
46, 118
46, 119
46, 121
46, 122
46, 125
46, 128
46, 129
46, 130
46, 131
46, 135
46, 136
46, 138
46, 146
46, 148
46, 151
46, 154
46, 158
46, 161
46, 162
46, 167
46, 174
46, 176
46, 177
46, 178
46, 182
46, 184
46, 186
46, 188
46, 189
46, 191
46, 192
46, 194
46, 195
46, 197
46, 199
46, 201
46, 203
46, 205
46, 206
46, 207
46, 208
46, 213
46, 216
46, 217
46, 218
46, 219
46, 221
46, 223
46, 224
46, 225
46, 226
46, 227
46, 228
46, 229
46, 231
46, 233
46, 234
46, 235
46, 240
46, 241
46, 243
46, 245
46, 247
46, 248
46, 250
46, 251
46, 253
46, 254
46, 255
46, 257
46, 258
47, 61
47, 62
47, 68
47, 72
47, 73
47, 75
47, 77
47, 79
47, 80
47, 83
47, 84
47, 85
47, 88
47, 91
47, 92
47, 93
47, 95
47, 96
47, 99
47, 100
47, 106
47, 107
47, 110
47, 112
47, 115
47, 116
47, 117
47, 118
47, 119
47, 121
47, 122
47, 125
47, 128
47, 129
47, 130
47, 131
47, 135
47, 136
47, 138
47, 146
47, 148
47, 151
47, 154
47, 158
47, 161
47, 162
47, 167
47, 174
47, 176
47, 177
47, 178
47, 181
47, 182
47, 184
47, 186
47, 188
47, 189
47, 191
47, 192
47, 194
47, 195
47, 197
47, 199
47, 201
47, 203
47, 205
47, 206
47, 207
47, 208
47, 209
47, 213
47, 216
47, 217
47, 218
47, 219
47, 221
47, 223
47, 224
47, 225
47, 226
47, 227
47, 228
47, 229
47, 231
47, 233
47, 234
47, 235
47, 238
47, 240
47, 241
47, 243
47, 245
47, 247
47, 248
47, 250
47, 251
47, 253
47, 254
47, 255
47, 257
47, 258
48, 61
48, 62
48, 68
48, 72
48, 73
48, 75
48, 77
48, 79
48, 80
48, 83
48, 84
48, 85
48, 88
48, 91
48, 92
48, 93
48, 95
48, 96
48, 99
48, 100
48, 106
48, 107
48, 110
48, 112
48, 115
48, 116
48, 117
48, 118
48, 119
48, 121
48, 122
48, 125
48, 128
48, 129
48, 130
48, 131
48, 135
48, 136
48, 138
48, 146
48, 148
48, 151
48, 154
48, 158
48, 161
48, 162
48, 167
48, 174
48, 176
48, 177
48, 178
48, 181
48, 182
48, 184
48, 186
48, 188
48, 189
48, 191
48, 192
48, 194
48, 195
48, 197
48, 199
48, 201
48, 203
48, 205
48, 206
48, 207
48, 208
48, 209
48, 213
48, 216
48, 217
48, 218
48, 219
48, 221
48, 223
48, 224
48, 225
48, 226
48, 227
48, 228
48, 229
48, 231
48, 233
48, 234
48, 235
48, 238
48, 240
48, 241
48, 243
48, 245
48, 247
48, 248
48, 250
48, 251
48, 253
48, 254
48, 255
48, 257
48, 258
49, 61
49, 62
49, 68
49, 72
49, 73
49, 75
49, 77
49, 79
49, 80
49, 83
49, 84
49, 85
49, 88
49, 91
49, 92
49, 93
49, 95
49, 96
49, 100
49, 106
49, 107
49, 110
49, 112
49, 115
49, 116
49, 117
49, 118
49, 119
49, 121
49, 122
49, 125
49, 128
49, 129
49, 130
49, 131
49, 135
49, 136
49, 138
49, 146
49, 148
49, 151
49, 154
49, 158
49, 161
49, 162
49, 167
49, 174
49, 176
49, 177
49, 178
49, 182
49, 184
49, 186
49, 188
49, 189
49, 191
49, 192
49, 194
49, 195
49, 197
49, 199
49, 201
49, 203
49, 205
49, 206
49, 207
49, 208
49, 209
49, 213
49, 216
49, 217
49, 218
49, 219
49, 221
49, 223
49, 224
49, 225
49, 226
49, 227
49, 228
49, 229
49, 231
49, 233
49, 234
49, 235
49, 238
49, 240
49, 241
49, 243
49, 245
49, 247
49, 248
49, 250
49, 251
49, 253
49, 254
49, 255
49, 257
49, 258
50, 61
50, 62
50, 68
50, 72
50, 73
50, 75
50, 77
50, 79
50, 80
50, 83
50, 84
50, 85
50, 88
50, 91
50, 92
50, 93
50, 95
50, 96
50, 99
50, 100
50, 106
50, 107
50, 110
50, 112
50, 115
50, 116
50, 117
50, 118
50, 119
50, 121
50, 122
50, 125
50, 128
50, 129
50, 130
50, 131
50, 135
50, 136
50, 138
50, 146
50, 148
50, 151
50, 154
50, 158
50, 161
50, 162
50, 167
50, 174
50, 176
50, 177
50, 178
50, 181
50, 182
50, 184
50, 186
50, 188
50, 189
50, 191
50, 192
50, 194
50, 195
50, 197
50, 199
50, 201
50, 203
50, 205
50, 206
50, 207
50, 208
50, 209
50, 213
50, 216
50, 217
50, 218
50, 219
50, 221
50, 223
50, 224
50, 225
50, 226
50, 227
50, 228
50, 229
50, 231
50, 233
50, 234
50, 235
50, 238
50, 240
50, 241
50, 243
50, 245
50, 247
50, 248
50, 250
50, 251
50, 253
50, 254
50, 255
50, 257
50, 258
51, 61
51, 62
51, 68
51, 72
51, 73
51, 75
51, 77
51, 79
51, 80
51, 83
51, 84
51, 85
51, 88
51, 91
51, 92
51, 93
51, 95
51, 96
51, 99
51, 100
51, 106
51, 107
51, 110
51, 112
51, 115
51, 116
51, 117
51, 118
51, 119
51, 121
51, 122
51, 125
51, 128
51, 129
51, 130
51, 131
51, 135
51, 136
51, 138
51, 146
51, 148
51, 151
51, 154
51, 158
51, 161
51, 162
51, 167
51, 174
51, 176
51, 177
51, 178
51, 182
51, 184
51, 186
51, 188
51, 189
51, 191
51, 192
51, 194
51, 195
51, 197
51, 199
51, 201
51, 203
51, 205
51, 206
51, 207
51, 208
51, 209
51, 213
51, 216
51, 217
51, 218
51, 219
51, 221
51, 223
51, 224
51, 225
51, 226
51, 227
51, 228
51, 229
51, 231
51, 233
51, 234
51, 235
51, 238
51, 240
51, 241
51, 243
51, 245
51, 247
51, 248
51, 250
51, 251
51, 253
51, 254
51, 255
51, 257
51, 258
52, 61
52, 62
52, 68
52, 72
52, 73
52, 75
52, 77
52, 79
52, 80
52, 83
52, 84
52, 85
52, 88
52, 91
52, 92
52, 93
52, 95
52, 96
52, 100
52, 106
52, 107
52, 110
52, 112
52, 115
52, 116
52, 117
52, 118
52, 119
52, 121
52, 122
52, 125
52, 128
52, 129
52, 130
52, 131
52, 135
52, 136
52, 138
52, 146
52, 148
52, 151
52, 154
52, 158
52, 161
52, 162
52, 167
52, 174
52, 176
52, 177
52, 178
52, 182
52, 184
52, 186
52, 188
52, 189
52, 191
52, 192
52, 194
52, 195
52, 197
52, 199
52, 201
52, 203
52, 205
52, 206
52, 207
52, 208
52, 209
52, 213
52, 216
52, 217
52, 218
52, 219
52, 221
52, 223
52, 224
52, 225
52, 226
52, 227
52, 228
52, 229
52, 231
52, 233
52, 234
52, 235
52, 238
52, 240
52, 241
52, 243
52, 245
52, 247
52, 248
52, 250
52, 251
52, 253
52, 254
52, 255
52, 257
52, 258
53, 61
53, 62
53, 68
53, 71
53, 72
53, 73
53, 75
53, 77
53, 79
53, 80
53, 83
53, 84
53, 85
53, 88
53, 91
53, 92
53, 93
53, 95
53, 96
53, 99
53, 100
53, 106
53, 107
53, 110
53, 112
53, 115
53, 116
53, 117
53, 118
53, 119
53, 121
53, 122
53, 125
53, 128
53, 129
53, 130
53, 131
53, 135
53, 136
53, 138
53, 146
53, 148
53, 151
53, 154
53, 158
53, 161
53, 162
53, 167
53, 174
53, 176
53, 177
53, 178
53, 181
53, 182
53, 184
53, 186
53, 188
53, 189
53, 191
53, 192
53, 194
53, 195
53, 197
53, 199
53, 201
53, 203
53, 205
53, 206
53, 207
53, 208
53, 209
53, 213
53, 216
53, 217
53, 218
53, 219
53, 221
53, 223
53, 224
53, 225
53, 226
53, 227
53, 228
53, 229
53, 231
53, 233
53, 234
53, 235
53, 238
53, 240
53, 241
53, 243
53, 245
53, 247
53, 248
53, 250
53, 251
53, 253
53, 254
53, 255
53, 257
53, 258
54, 61
54, 62
54, 68
54, 71
54, 72
54, 73
54, 75
54, 77
54, 79
54, 80
54, 83
54, 84
54, 85
54, 88
54, 91
54, 92
54, 93
54, 95
54, 96
54, 99
54, 100
54, 106
54, 107
54, 110
54, 112
54, 115
54, 116
54, 117
54, 118
54, 119
54, 121
54, 122
54, 125
54, 128
54, 129
54, 130
54, 131
54, 135
54, 136
54, 138
54, 146
54, 148
54, 151
54, 154
54, 158
54, 161
54, 162
54, 167
54, 174
54, 176
54, 177
54, 178
54, 181
54, 182
54, 184
54, 186
54, 188
54, 189
54, 191
54, 192
54, 194
54, 195
54, 197
54, 199
54, 201
54, 203
54, 205
54, 206
54, 207
54, 208
54, 209
54, 213
54, 216
54, 217
54, 218
54, 219
54, 221
54, 223
54, 224
54, 225
54, 226
54, 227
54, 228
54, 229
54, 231
54, 233
54, 234
54, 235
54, 238
54, 240
54, 241
54, 243
54, 245
54, 247
54, 248
54, 250
54, 251
54, 253
54, 254
54, 255
54, 257
54, 258
55, 61
55, 62
55, 68
55, 72
55, 73
55, 75
55, 77
55, 79
55, 80
55, 83
55, 84
55, 85
55, 88
55, 91
55, 92
55, 93
55, 95
55, 96
55, 99
55, 100
55, 106
55, 107
55, 110
55, 112
55, 115
55, 116
55, 117
55, 118
55, 119
55, 121
55, 122
55, 125
55, 128
55, 129
55, 130
55, 131
55, 135
55, 136
55, 138
55, 146
55, 148
55, 151
55, 154
55, 158
55, 161
55, 162
55, 167
55, 174
55, 176
55, 177
55, 178
55, 181
55, 182
55, 184
55, 186
55, 188
55, 189
55, 191
55, 192
55, 194
55, 195
55, 197
55, 199
55, 201
55, 203
55, 205
55, 206
55, 207
55, 208
55, 209
55, 213
55, 216
55, 217
55, 218
55, 219
55, 221
55, 223
55, 224
55, 225
55, 226
55, 227
55, 228
55, 229
55, 231
55, 233
55, 234
55, 235
55, 238
55, 240
55, 241
55, 243
55, 245
55, 247
55, 248
55, 250
55, 251
55, 253
55, 254
55, 255
55, 257
55, 258
56, 61
56, 62
56, 68
56, 72
56, 73
56, 75
56, 77
56, 79
56, 80
56, 83
56, 84
56, 85
56, 88
56, 91
56, 92
56, 93
56, 95
56, 96
56, 99
56, 100
56, 106
56, 107
56, 110
56, 112
56, 115
56, 116
56, 117
56, 118
56, 119
56, 121
56, 122
56, 125
56, 128
56, 129
56, 130
56, 131
56, 135
56, 136
56, 138
56, 146
56, 148
56, 151
56, 154
56, 158
56, 161
56, 162
56, 167
56, 174
56, 176
56, 177
56, 178
56, 181
56, 182
56, 184
56, 186
56, 188
56, 189
56, 191
56, 192
56, 194
56, 195
56, 197
56, 199
56, 201
56, 203
56, 205
56, 206
56, 207
56, 208
56, 209
56, 213
56, 216
56, 217
56, 218
56, 219
56, 221
56, 223
56, 224
56, 225
56, 226
56, 227
56, 228
56, 229
56, 231
56, 233
56, 234
56, 235
56, 238
56, 240
56, 241
56, 243
56, 245
56, 247
56, 248
56, 250
56, 251
56, 253
56, 254
56, 255
56, 257
56, 258
57, 61
57, 62
57, 68
57, 72
57, 73
57, 75
57, 77
57, 79
57, 80
57, 83
57, 84
57, 85
57, 88
57, 91
57, 92
57, 93
57, 95
57, 96
57, 99
57, 100
57, 106
57, 107
57, 110
57, 112
57, 115
57, 116
57, 117
57, 118
57, 119
57, 121
57, 122
57, 125
57, 128
57, 129
57, 130
57, 131
57, 135
57, 136
57, 138
57, 146
57, 148
57, 151
57, 154
57, 158
57, 161
57, 162
57, 167
57, 174
57, 176
57, 177
57, 178
57, 181
57, 182
57, 184
57, 186
57, 188
57, 189
57, 191
57, 192
57, 194
57, 195
57, 197
57, 199
57, 201
57, 203
57, 205
57, 206
57, 207
57, 208
57, 209
57, 213
57, 216
57, 217
57, 218
57, 219
57, 221
57, 223
57, 224
57, 225
57, 226
57, 227
57, 228
57, 229
57, 231
57, 233
57, 234
57, 235
57, 238
57, 240
57, 241
57, 243
57, 245
57, 247
57, 248
57, 250
57, 251
57, 253
57, 254
57, 255
57, 257
57, 258
58, 61
58, 62
58, 68
58, 72
58, 73
58, 75
58, 77
58, 79
58, 80
58, 83
58, 84
58, 85
58, 88
58, 91
58, 92
58, 93
58, 95
58, 96
58, 99
58, 100
58, 106
58, 107
58, 110
58, 112
58, 115
58, 116
58, 117
58, 118
58, 119
58, 121
58, 122
58, 125
58, 128
58, 129
58, 130
58, 131
58, 135
58, 136
58, 138
58, 146
58, 148
58, 151
58, 154
58, 158
58, 161
58, 162
58, 167
58, 174
58, 176
58, 177
58, 178
58, 182
58, 184
58, 186
58, 188
58, 189
58, 191
58, 192
58, 194
58, 195
58, 197
58, 199
58, 201
58, 203
58, 205
58, 206
58, 207
58, 208
58, 209
58, 213
58, 216
58, 217
58, 218
58, 219
58, 221
58, 223
58, 224
58, 225
58, 226
58, 227
58, 228
58, 229
58, 231
58, 233
58, 234
58, 235
58, 238
58, 240
58, 241
58, 243
58, 245
58, 247
58, 248
58, 250
58, 251
58, 253
58, 254
58, 255
58, 257
58, 258
59, 61
59, 62
59, 68
59, 72
59, 73
59, 75
59, 77
59, 79
59, 80
59, 83
59, 84
59, 85
59, 88
59, 91
59, 92
59, 93
59, 95
59, 96
59, 99
59, 100
59, 106
59, 107
59, 110
59, 112
59, 115
59, 116
59, 117
59, 118
59, 119
59, 121
59, 122
59, 125
59, 128
59, 129
59, 130
59, 131
59, 135
59, 136
59, 138
59, 146
59, 148
59, 151
59, 154
59, 158
59, 161
59, 162
59, 167
59, 174
59, 176
59, 177
59, 178
59, 182
59, 184
59, 186
59, 188
59, 189
59, 191
59, 192
59, 194
59, 195
59, 197
59, 199
59, 201
59, 203
59, 205
59, 206
59, 207
59, 208
59, 209
59, 213
59, 216
59, 217
59, 218
59, 219
59, 221
59, 223
59, 224
59, 225
59, 226
59, 227
59, 228
59, 229
59, 231
59, 233
59, 234
59, 235
59, 238
59, 240
59, 241
59, 243
59, 245
59, 247
59, 248
59, 250
59, 251
59, 253
59, 254
59, 255
59, 257
59, 258
60, 61
60, 62
60, 68
60, 71
60, 72
60, 73
60, 75
60, 77
60, 79
60, 80
60, 83
60, 84
60, 85
60, 88
60, 91
60, 92
60, 93
60, 95
60, 96
60, 99
60, 100
60, 106
60, 107
60, 110
60, 112
60, 115
60, 116
60, 117
60, 118
60, 119
60, 121
60, 122
60, 125
60, 128
60, 129
60, 130
60, 131
60, 135
60, 136
60, 138
60, 146
60, 148
60, 151
60, 154
60, 158
60, 161
60, 162
60, 167
60, 174
60, 176
60, 177
60, 178
60, 181
60, 182
60, 184
60, 186
60, 188
60, 189
60, 191
60, 192
60, 194
60, 195
60, 197
60, 199
60, 201
60, 203
60, 205
60, 206
60, 207
60, 208
60, 209
60, 213
60, 216
60, 217
60, 218
60, 219
60, 221
60, 223
60, 224
60, 225
60, 226
60, 227
60, 228
60, 229
60, 231
60, 233
60, 234
60, 235
60, 238
60, 240
60, 241
60, 243
60, 245
60, 247
60, 248
60, 250
60, 251
60, 253
60, 254
60, 255
60, 257
60, 258
